{
    "arrow_size": 0.06800000369548798,
    "auto_launch_idx": 2,
    "auto_load": true,
    "bar_width_pct": 0.949999988079071,
    "cartouche_height": 0.800000011920929,
    "cartouche_offset_x": -0.013000000268220901,
    "cartouche_offset_y": 0.0010000000474974513,
    "cartouche_width": 0.25999999046325684,
    "colors": {
        "bg_active": 2690650224,
        "bg_active_line": 4291834096,
        "bg_fail": 2422210560,
        "bg_fail_line": 4289724416,
        "bg_overlay": 2231369728,
        "bg_overlay_success": 1087393968,
        "bg_success": 631255168,
        "bg_success_line": 4291842224,
        "shadow": 4278190080,
        "text_cond": 4294953984,
        "text_dark": 4287137928,
        "text_dr": 4278255360,
        "text_live": 4278255615,
        "text_normal": 4294967295
    },
    "combo_cartouche_width": 0.22,
    "combo_font_size": 0.025,
    "combo_icon_size": 0.03,
    "combo_line_spacing": 0.05,
    "combo_max_visible": 8,
    "combo_offset_x_arrow": -0.02,
    "combo_offset_y_arrow": 0.0,
    "combo_pos": {
        "x": 0.05,
        "y": 0.4
    },
    "combo_text_y_offset": 0.0,
    "enabled": true,
    "fail_display_frames": 60,
    "fail_reset_delay": 1.5,
    "float_pos": {
        "x": 0.025,
        "y": 0.9555555555555556
    },
    "float_size": {
        "h": 0.04351851851851852,
        "w": 0.95
    },
    "font_size": 0.020999999716877937,
    "forced_position_idx": 2,
    "ghost_filter_frames": 4,
    "hud_font_size": 20,
    "hud_global_y": -0.3370000123977661,
    "hud_show": true,
    "hud_spacing_y": 0.028,
    "icon_size": 0.02329999953508377,
    "idle_max_history": 15,
    "idle_mirror_p1": false,
    "idle_mirror_p2": false,
    "idle_pos_p1": {
        "x": 0.019999999552965164,
        "y": 0.1770000010728836
    },
    "idle_pos_p2": {
        "x": 0.9800000190734863,
        "y": 0.1770000010728836
    },
    "idle_raw_max_history": 19,
    "idle_raw_p1": false,
    "idle_raw_p2": false,
    "idle_raw_pos_p1": {
        "x": 0.9610000252723694,
        "y": 0.1770000010728836
    },
    "idle_raw_pos_p2": {
        "x": 0.85,
        "y": 0.35
    },
    "idle_show_p1": true,
    "idle_show_p2": false,
    "ignore_auto": true,
    "max_history": 15,
    "mirror_p1": false,
    "mirror_p2": false,
    "offset_x_arrow": -0.0430000014603138,
    "offset_y_arrow": -0.00800000037997961,
    "pos_combo_stats": {
        "x": 0.5,
        "y": 0.085
    },
    "pos_live_single_p1": {
        "x": 0.15000000596046448,
        "y": 0.13500000536441803
    },
    "pos_live_single_p2": {
        "x": 0.85,
        "y": 0.15000000596046448
    },
    "pos_p1": {
        "x": 0.9800000190734863,
        "y": 0.1770000010728836
    },
    "pos_p2": {
        "x": 0.9800000190734863,
        "y": 0.1770000010728836
    },
    "pos_trial": {
        "x": 0.4,
        "y": 0.15
    },
    "pos_trial_header": {
        "x": 0.5,
        "y": 0.0
    },
    "pos_trial_p1": {
        "x": 0.05000000074505806,
        "y": 0.1770000010728836
    },
    "pos_trial_p2": {
        "x": 0.85,
        "y": 0.014999999664723873
    },
    "raw": {
        "col_dir": -0.02500000037252903,
        "col_frame": 0.03500000014901161,
        "font_size": 0.017000000923871994,
        "icon_size": 0.024000000208616257,
        "slot1": -0.054999999701976776,
        "slot2": -0.08250000327825546,
        "slot3": -0.11100000143051147,
        "slot4": -0.13899999856948853,
        "slot5": -0.16699999570846558,
        "slot6": -0.19499999284744263,
        "spacing_y": 0.03200000151991844,
        "text_y_offset": -0.014499999582767487
    },
    "raw_max_history": 19,
    "raw_p1": false,
    "raw_p2": false,
    "raw_pos_p1": {
        "x": 0.9610000252723694,
        "y": 0.1770000010728836
    },
    "raw_pos_p2": {
        "x": 0.85,
        "y": 0.35
    },
    "show_combo_count": true,
    "show_live_single_p1": true,
    "show_live_single_p2": true,
    "show_p1": true,
    "show_p2": false,
    "spacing_x": 0.0044999998062849045,
    "spacing_y": 0.03999999910593033,
    "special_icon_scale": 1.5,
    "text_y_offset": -0.014999999664723873,
    "trial_visible_steps": 13
}